State,points
NSW,87.85673352
QLD,85
SA,87.89184826
TAS,88.03081438
VIC,87.8936904
WA,87.85956318
