postal,points
NS,87.85673352
QL,85
SA,87.89184826
TA,88.03081438
VI,87.8936904
WA,87.85956318
